"Refs","Value","Footprint","Qty","DNP"
"C1","0.1 uF","Capacitor_THT:C_Axial_L3.8mm_D2.6mm_P7.50mm_Horizontal","1",""
"C2","0.1 uF","Capacitor_THT:C_Axial_L3.8mm_D2.6mm_P7.50mm_Horizontal","1",""
"CN1","0.1uF","Package_SIP:SIP-9_21.54x3mm_P2.54mm","1",""
"CN2","0.1uF","Package_SIP:SIP-9_21.54x3mm_P2.54mm","1",""
"IC1","DG406DJ","CustomParts:DG407","1",""
"J2","Audio GND +","TerminalBlock_Phoenix:TerminalBlock_Phoenix_MPT-0,5-12-2.54_1x12_P2.54mm_Horizontal","1",""
"J3","Audio Out","TerminalBlock_Phoenix:TerminalBlock_Phoenix_MPT-0,5-2-2.54_1x02_P2.54mm_Horizontal","1",""
"J4","VIN","TerminalBlock_Phoenix:TerminalBlock_Phoenix_MPT-0,5-2-2.54_1x02_P2.54mm_Horizontal","1",""
"J5","Audio IN 1","TerminalBlock_Phoenix:TerminalBlock_Phoenix_MPT-0,5-8-2.54_1x08_P2.54mm_Horizontal","1",""
"J6","Audio IN 2","TerminalBlock_Phoenix:TerminalBlock_Phoenix_MPT-0,5-4-2.54_1x04_P2.54mm_Horizontal","1",""
"J17","I2C","Connector_JST:JST_EH_S4B-EH_1x04_P2.50mm_Horizontal","1",""
"R1","0 OHM","Resistor_THT:R_Axial_DIN0204_L3.6mm_D1.6mm_P5.08mm_Horizontal","1",""
"R2","4.7K","Resistor_THT:R_Axial_DIN0204_L3.6mm_D1.6mm_P5.08mm_Horizontal","1",""
"R3","4.7K","Resistor_THT:R_Axial_DIN0204_L3.6mm_D1.6mm_P5.08mm_Horizontal","1",""
"U1","MCP23017_SP","Package_DIP:DIP-28_W7.62mm","1",""
